id,title,text,category,sentiment
1,"Tech Giant Announces Revolutionary AI Breakthrough","A major technology company has announced a groundbreaking advancement in artificial intelligence that promises to transform how we interact with machines. The new AI system demonstrates unprecedented capabilities in natural language understanding and generation, marking a significant milestone in the field of machine learning. Industry experts believe this development could revolutionize various sectors including healthcare, education, and customer service.","technology","positive"
2,"Climate Change Summit Reaches Historic Agreement","World leaders have reached a historic agreement at the latest climate change summit, committing to ambitious targets for reducing greenhouse gas emissions. The agreement includes specific timelines and funding mechanisms to support developing nations in their transition to renewable energy sources. Environmental activists have praised the deal as a crucial step forward in addressing the global climate crisis.","environment","positive"
3,"Economic Uncertainty Continues to Impact Markets","Financial markets continue to experience volatility amid ongoing economic uncertainty. Investors remain cautious as inflation concerns persist and central banks consider further policy adjustments. The uncertainty has led to mixed performance across different sectors, with technology stocks showing particular weakness while energy and commodity prices remain elevated.","economy","negative"
4,"New Medical Research Shows Promise for Cancer Treatment","Researchers have published promising results from a clinical trial testing a novel cancer treatment approach. The study demonstrates significant improvement in patient outcomes compared to traditional therapies, offering new hope for those battling the disease. The treatment combines innovative drug delivery methods with personalized medicine approaches tailored to individual patient profiles.","health","positive"
5,"Education System Faces Ongoing Challenges","The education system continues to grapple with significant challenges including funding shortages, teacher retention issues, and adapting to post-pandemic learning environments. School districts across the country are implementing various strategies to address these concerns, but progress remains slow. Parents and educators are calling for comprehensive reforms to ensure quality education for all students.","education","neutral"
6,"Sports Championship Delivers Thrilling Competition","The annual championship delivered an exciting competition that kept fans on the edge of their seats. Athletes from around the world showcased exceptional skill and determination throughout the tournament. The event not only provided entertainment but also demonstrated the power of sports to bring people together and inspire excellence.","sports","positive"
7,"Cybersecurity Threats Continue to Evolve","Organizations worldwide are facing increasingly sophisticated cybersecurity threats as malicious actors develop new attack methods. Recent incidents have highlighted vulnerabilities in critical infrastructure and the need for enhanced security measures. Cybersecurity experts emphasize the importance of proactive defense strategies and employee training to mitigate these risks.","technology","negative"
8,"Cultural Festival Celebrates Diversity and Heritage","A vibrant cultural festival brought together communities to celebrate diversity and shared heritage. The event featured traditional music, dance, food, and art from various cultures, creating an atmosphere of unity and understanding. Organizers hope the festival will become an annual tradition that strengthens community bonds and promotes cultural awareness.","culture","positive"
9,"Transportation Infrastructure Requires Urgent Updates","The nation's transportation infrastructure is in urgent need of modernization and repair. Aging bridges, roads, and public transit systems are struggling to meet current demands while supporting economic growth. Government officials are debating funding mechanisms and prioritization strategies for addressing these critical infrastructure needs.","infrastructure","neutral"
10,"Scientific Discovery Opens New Research Possibilities","Scientists have made a remarkable discovery that opens up entirely new avenues for research and understanding. The breakthrough challenges existing theories and provides fresh insights into fundamental questions that have puzzled researchers for decades. The scientific community is excited about the potential implications and future research opportunities this discovery presents.","science","positive"
